<?xml version = '1.0' encoding = 'UTF-8'?>
<Entity class="oracle.dbtools.crest.model.design.logical.Entity" directorySegmentName="seg_0" id="21B929FF-BD9F-4113-56C0-22A30D158995" name="Servicio">
<createdBy>simonpine</createdBy>
<createdTime>2025-08-29 19:35:44 UTC</createdTime>
<ownerDesignName>BarkModelSuperFinalFinal</ownerDesignName>
<engineerTo>
<item key="5F623C28-34EE-0672-2B1C-55D68EF420AA" value="true"/>
</engineerTo>
<adequatelyNormalized>NO</adequatelyNormalized>
<expectedVolumes>0</expectedVolumes>
<fwdEngineeringStrategyName>Single Table</fwdEngineeringStrategyName>
<growthPercent>0</growthPercent>
<growthType>Year</growthType>
<maxVolumes>9999999</maxVolumes>
<minVolumes>0</minVolumes>
<normalForm>Third</normalForm>
<attributes itemClass="oracle.dbtools.crest.model.design.logical.Attribute">
<Attribute name="idServicio" id="542B6B1F-1821-532F-D649-4DD712147892">
<createdBy>simonpine</createdBy>
<createdTime>2025-08-29 19:35:44 UTC</createdTime>
<ownerDesignName>BarkModelSuperFinalFinal</ownerDesignName>
<engineerTo>
<item key="5F623C28-34EE-0672-2B1C-55D68EF420AA" value="true"/>
</engineerTo>
<useDomainConstraints>false</useDomainConstraints>
<use>1</use>
<logicalDatatype>LOGDT027</logicalDatatype>
<ownDataTypeParameters>,,</ownDataTypeParameters>
</Attribute>
<Attribute name="duracionMinutos" id="91391CBC-8B7A-58FA-6C6A-BE341DC7D69C">
<createdBy>simonpine</createdBy>
<createdTime>2025-08-29 19:35:44 UTC</createdTime>
<ownerDesignName>BarkModelSuperFinalFinal</ownerDesignName>
<engineerTo>
<item key="5F623C28-34EE-0672-2B1C-55D68EF420AA" value="true"/>
</engineerTo>
<useDomainConstraints>false</useDomainConstraints>
<use>1</use>
<logicalDatatype>LOGDT027</logicalDatatype>
<ownDataTypeParameters>,,</ownDataTypeParameters>
</Attribute>
<Attribute name="distancia" id="588E7DE0-920F-ADC2-02B1-CC2C913DFAC7">
<createdBy>simonpine</createdBy>
<createdTime>2025-08-29 19:35:44 UTC</createdTime>
<ownerDesignName>BarkModelSuperFinalFinal</ownerDesignName>
<engineerTo>
<item key="5F623C28-34EE-0672-2B1C-55D68EF420AA" value="true"/>
</engineerTo>
<useDomainConstraints>false</useDomainConstraints>
<use>1</use>
<logicalDatatype>LOGDT027</logicalDatatype>
<ownDataTypeParameters>,,</ownDataTypeParameters>
</Attribute>
<Attribute name="horaInicio" id="7F2F65FB-690D-91F9-7A95-5829D0E98AAE">
<createdBy>simonpine</createdBy>
<createdTime>2025-08-29 19:36:08 UTC</createdTime>
<ownerDesignName>BarkModelSuperFinalFinal</ownerDesignName>
<engineerTo>
<item key="5F623C28-34EE-0672-2B1C-55D68EF420AA" value="true"/>
</engineerTo>
<useDomainConstraints>false</useDomainConstraints>
<use>1</use>
<logicalDatatype>LOGDT014</logicalDatatype>
<ownDataTypeParameters>,,</ownDataTypeParameters>
</Attribute>
<Attribute name="tipo" id="DED0A18E-3D17-18CA-1505-41B07CED1E71">
<createdBy>simonpine</createdBy>
<createdTime>2025-08-30 18:37:58 UTC</createdTime>
<ownerDesignName>BarkModelSuperFinalFinal</ownerDesignName>
<engineerTo>
<item key="5F623C28-34EE-0672-2B1C-55D68EF420AA" value="true"/>
</engineerTo>
<useDomainConstraints>false</useDomainConstraints>
<use>1</use>
<logicalDatatype>LOGDT024</logicalDatatype>
<ownDataTypeParameters>,,</ownDataTypeParameters>
</Attribute>
<Attribute name="cedula" id="0932D84A-FA0D-905D-8208-F091991585A9">
<createdBy>simonpine</createdBy>
<createdTime>2025-08-31 17:10:24 UTC</createdTime>
<generatorID>0883B3DC-E6F2-4D6C-DBC3-E33F797299D4</generatorID>
<ownerDesignName>BarkModelSuperFinalFinal</ownerDesignName>
<engineerTo>
<item key="5F623C28-34EE-0672-2B1C-55D68EF420AA" value="true"/>
</engineerTo>
<referedAttribute>8E2DA064-AC65-5C8E-A781-27970F118661</referedAttribute>
<useDomainConstraints>false</useDomainConstraints>
<use>1</use>
<logicalDatatype>LOGDT027</logicalDatatype>
<ownDataTypeParameters>,,</ownDataTypeParameters>
</Attribute>
<Attribute name="cedula1" id="195A43C6-62B4-9D5F-7A4D-5C5460CB0039">
<createdBy>simonpine</createdBy>
<createdTime>2025-08-31 17:10:36 UTC</createdTime>
<generatorID>C1FC273F-5553-6096-4D96-874247968661</generatorID>
<ownerDesignName>BarkModelSuperFinalFinal</ownerDesignName>
<engineerTo>
<item key="5F623C28-34EE-0672-2B1C-55D68EF420AA" value="true"/>
</engineerTo>
<referedAttribute>8E2DA064-AC65-5C8E-A781-27970F118661</referedAttribute>
<useDomainConstraints>false</useDomainConstraints>
<use>1</use>
<logicalDatatype>LOGDT027</logicalDatatype>
<ownDataTypeParameters>,,</ownDataTypeParameters>
</Attribute>
<Attribute name="idCiudad" id="87540D4F-D12A-6944-1F79-E7654607EF24">
<createdBy>simonpine</createdBy>
<createdTime>2025-08-31 17:18:10 UTC</createdTime>
<generatorID>494F221B-15AE-238F-F0AA-1D4BCA7EEE57</generatorID>
<ownerDesignName>BarkModelSuperFinalFinal</ownerDesignName>
<engineerTo>
<item key="5F623C28-34EE-0672-2B1C-55D68EF420AA" value="true"/>
</engineerTo>
<referedAttribute>11E563FE-7704-E9DD-9628-ACF4489928E7</referedAttribute>
<useDomainConstraints>false</useDomainConstraints>
<use>1</use>
<logicalDatatype>LOGDT025</logicalDatatype>
<ownDataTypeParameters>,,</ownDataTypeParameters>
</Attribute>
<Attribute name="idCosto" id="C98CFC4D-404F-8408-3538-EF420820EEEF">
<createdBy>simonpine</createdBy>
<createdTime>2025-08-31 18:08:20 UTC</createdTime>
<generatorID>0353D07E-184E-5017-33B2-C60DC85978D1</generatorID>
<ownerDesignName>BarkModelSuperFinalFinal</ownerDesignName>
<engineerTo>
<item key="5F623C28-34EE-0672-2B1C-55D68EF420AA" value="true"/>
</engineerTo>
<referedAttribute>A7CF7072-9D81-F3D7-0CDF-4B6132C6D271</referedAttribute>
<useDomainConstraints>false</useDomainConstraints>
<use>1</use>
<logicalDatatype>LOGDT024</logicalDatatype>
<ownDataTypeParameters>,,</ownDataTypeParameters>
</Attribute>
</attributes>
<identifiers itemClass="oracle.dbtools.crest.model.design.logical.CandidateKey">
<identifier id="4BF5A8DC-736D-7A8D-7887-51576807D719" name="Tarjeta PK">
<createdBy>simonpine</createdBy>
<createdTime>2025-08-29 19:35:44 UTC</createdTime>
<ownerDesignName>BarkModelSuperFinalFinal</ownerDesignName>
<engineerTo>
<item key="5F623C28-34EE-0672-2B1C-55D68EF420AA" value="true"/>
</engineerTo>
<pk>true</pk>
<usedAttributes>
<attributeRef>542B6B1F-1821-532F-D649-4DD712147892</attributeRef>
</usedAttributes>
</identifier>
</identifiers>
</Entity>