<?xml version = '1.0' encoding = 'UTF-8'?>
<Entity class="oracle.dbtools.crest.model.design.logical.Entity" directorySegmentName="seg_0" id="67448D9D-F5F5-D5D9-1A12-A336BDCB7890" name="Ciudad">
<createdBy>simonpine</createdBy>
<createdTime>2025-08-29 19:34:16 UTC</createdTime>
<ownerDesignName>BarkModelSuperFinalFinal</ownerDesignName>
<engineerTo>
<item key="5F623C28-34EE-0672-2B1C-55D68EF420AA" value="true"/>
</engineerTo>
<adequatelyNormalized>NO</adequatelyNormalized>
<expectedVolumes>0</expectedVolumes>
<fwdEngineeringStrategyName>Single Table</fwdEngineeringStrategyName>
<growthPercent>0</growthPercent>
<growthType>Year</growthType>
<maxVolumes>9999999</maxVolumes>
<minVolumes>0</minVolumes>
<normalForm>Third</normalForm>
<attributes itemClass="oracle.dbtools.crest.model.design.logical.Attribute">
<Attribute name="idCiudad" id="11E563FE-7704-E9DD-9628-ACF4489928E7">
<createdBy>simonpine</createdBy>
<createdTime>2025-08-29 19:34:16 UTC</createdTime>
<ownerDesignName>BarkModelSuperFinalFinal</ownerDesignName>
<engineerTo>
<item key="5F623C28-34EE-0672-2B1C-55D68EF420AA" value="true"/>
</engineerTo>
<useDomainConstraints>false</useDomainConstraints>
<use>1</use>
<logicalDatatype>LOGDT025</logicalDatatype>
<ownDataTypeParameters>,,</ownDataTypeParameters>
</Attribute>
<Attribute name="nombre" id="48A6837B-5B30-8762-67DB-03FB81BF41CA">
<createdBy>simonpine</createdBy>
<createdTime>2025-08-29 19:34:16 UTC</createdTime>
<ownerDesignName>BarkModelSuperFinalFinal</ownerDesignName>
<engineerTo>
<item key="5F623C28-34EE-0672-2B1C-55D68EF420AA" value="true"/>
</engineerTo>
<nullsAllowed>true</nullsAllowed>
<useDomainConstraints>false</useDomainConstraints>
<use>1</use>
<logicalDatatype>LogDes-1768A872-F385-FDBA-D95E-0CB63F5908E2@LOGDT10045</logicalDatatype>
<ownDataTypeParameters>,,</ownDataTypeParameters>
</Attribute>
</attributes>
<identifiers itemClass="oracle.dbtools.crest.model.design.logical.CandidateKey">
<identifier id="631D3E69-7CAE-4ACF-D764-D557D707D96F" name="Tarjeta PK">
<createdBy>simonpine</createdBy>
<createdTime>2025-08-29 19:34:16 UTC</createdTime>
<ownerDesignName>BarkModelSuperFinalFinal</ownerDesignName>
<engineerTo>
<item key="5F623C28-34EE-0672-2B1C-55D68EF420AA" value="true"/>
</engineerTo>
<pk>true</pk>
<usedAttributes>
<attributeRef>11E563FE-7704-E9DD-9628-ACF4489928E7</attributeRef>
</usedAttributes>
</identifier>
</identifiers>
</Entity>