<?xml version = '1.0' encoding = 'UTF-8'?>
<Entity class="oracle.dbtools.crest.model.design.logical.Entity" directorySegmentName="seg_0" id="8E8DA10B-37E7-8232-72F2-6F373A308EA6" name="Disponibilidad">
<createdBy>simonpine</createdBy>
<createdTime>2025-08-29 19:51:03 UTC</createdTime>
<ownerDesignName>BarkModelSuperFinalFinal</ownerDesignName>
<engineerTo>
<item key="5F623C28-34EE-0672-2B1C-55D68EF420AA" value="true"/>
</engineerTo>
<adequatelyNormalized>NO</adequatelyNormalized>
<expectedVolumes>0</expectedVolumes>
<fwdEngineeringStrategyName>Single Table</fwdEngineeringStrategyName>
<growthPercent>0</growthPercent>
<growthType>Year</growthType>
<maxVolumes>9999999</maxVolumes>
<minVolumes>0</minVolumes>
<normalForm>Third</normalForm>
<attributes itemClass="oracle.dbtools.crest.model.design.logical.Attribute">
<Attribute name="idDisponibilidad" id="2C2EAF14-3448-3E4E-37C8-571D08770FF9">
<createdBy>simonpine</createdBy>
<createdTime>2025-08-29 19:51:03 UTC</createdTime>
<ownerDesignName>BarkModelSuperFinalFinal</ownerDesignName>
<engineerTo>
<item key="5F623C28-34EE-0672-2B1C-55D68EF420AA" value="true"/>
</engineerTo>
<useDomainConstraints>false</useDomainConstraints>
<use>1</use>
<logicalDatatype>LOGDT025</logicalDatatype>
<ownDataTypeParameters>,,</ownDataTypeParameters>
</Attribute>
<Attribute name="dia" id="92C6F730-0B0A-E698-FDEF-461EB3C5E016">
<createdBy>simonpine</createdBy>
<createdTime>2025-08-29 19:51:03 UTC</createdTime>
<generatorID>0B1CA5B9-2782-D421-3D21-1983736B96B9</generatorID>
<ownerDesignName>BarkModelSuperFinalFinal</ownerDesignName>
<engineerTo>
<item key="5F623C28-34EE-0672-2B1C-55D68EF420AA" value="true"/>
</engineerTo>
<useDomainConstraints>false</useDomainConstraints>
<use>1</use>
<logicalDatatype>LOGDT024</logicalDatatype>
<ownDataTypeParameters>,,</ownDataTypeParameters>
</Attribute>
</attributes>
<identifiers itemClass="oracle.dbtools.crest.model.design.logical.CandidateKey">
<identifier id="AB2EA36E-A2AF-8123-2075-D319EFF2D399" name="Tarjeta PK">
<createdBy>simonpine</createdBy>
<createdTime>2025-08-29 19:51:03 UTC</createdTime>
<ownerDesignName>BarkModelSuperFinalFinal</ownerDesignName>
<engineerTo>
<item key="5F623C28-34EE-0672-2B1C-55D68EF420AA" value="true"/>
</engineerTo>
<pk>true</pk>
<usedAttributes>
<attributeRef>2C2EAF14-3448-3E4E-37C8-571D08770FF9</attributeRef>
</usedAttributes>
</identifier>
</identifiers>
</Entity>