<?xml version = '1.0' encoding = 'UTF-8'?>
<Entity class="oracle.dbtools.crest.model.design.logical.Entity" directorySegmentName="seg_0" id="A5CBEED4-348A-ED91-ED6A-AFE7F53FCC00" name="Conductor">
<createdBy>simonpine</createdBy>
<createdTime>2025-08-29 19:39:56 UTC</createdTime>
<ownerDesignName>BarkModelSuperFinalFinal</ownerDesignName>
<engineerTo>
<item key="5F623C28-34EE-0672-2B1C-55D68EF420AA" value="true"/>
</engineerTo>
<adequatelyNormalized>NO</adequatelyNormalized>
<expectedVolumes>0</expectedVolumes>
<fwdEngineeringStrategyName>Single Table</fwdEngineeringStrategyName>
<growthPercent>0</growthPercent>
<growthType>Year</growthType>
<hierarchicalParent>CDA4F5AB-B2D8-9248-E2CE-01585C7E5C00</hierarchicalParent>
<maxVolumes>9999999</maxVolumes>
<minVolumes>0</minVolumes>
<normalForm>Third</normalForm>
<attributes itemClass="oracle.dbtools.crest.model.design.logical.Attribute">
<Attribute name="enServicio" id="1D878093-F5C3-12C5-FF9B-BB294EF20E2A">
<createdBy>simonpine</createdBy>
<createdTime>2025-08-31 17:23:45 UTC</createdTime>
<ownerDesignName>BarkModelSuperFinalFinal</ownerDesignName>
<engineerTo>
<item key="5F623C28-34EE-0672-2B1C-55D68EF420AA" value="true"/>
</engineerTo>
<useDomainConstraints>false</useDomainConstraints>
<use>1</use>
<logicalDatatype>LOGDT006</logicalDatatype>
<dataTypeSize>1</dataTypeSize>
<ownDataTypeParameters>1,,</ownDataTypeParameters>
</Attribute>
<Attribute name="idConductor" id="87E8A6AB-C4D9-9FF8-DA9F-CD06575E706B">
<createdBy>simonpine</createdBy>
<createdTime>2025-08-31 17:26:02 UTC</createdTime>
<ownerDesignName>BarkModelSuperFinalFinal</ownerDesignName>
<engineerTo>
<item key="5F623C28-34EE-0672-2B1C-55D68EF420AA" value="true"/>
</engineerTo>
<useDomainConstraints>false</useDomainConstraints>
<use>1</use>
<logicalDatatype>LOGDT006</logicalDatatype>
<dataTypeSize>1</dataTypeSize>
<ownDataTypeParameters>1,,</ownDataTypeParameters>
</Attribute>
</attributes>
<identifiers itemClass="oracle.dbtools.crest.model.design.logical.CandidateKey">
<identifier id="CBEBC8C4-DBD6-B053-4322-21D75CDBB28B" name="Conductor PK">
<createdBy>simonpine</createdBy>
<createdTime>2025-08-31 17:26:10 UTC</createdTime>
<ownerDesignName>BarkModelSuperFinalFinal</ownerDesignName>
<engineerTo>
<item key="5F623C28-34EE-0672-2B1C-55D68EF420AA" value="true"/>
</engineerTo>
<pk>true</pk>
<usedAttributes>
<attributeRef>87E8A6AB-C4D9-9FF8-DA9F-CD06575E706B</attributeRef>
</usedAttributes>
</identifier>
</identifiers>
</Entity>