<?xml version = '1.0' encoding = 'UTF-8'?>
<Entity class="oracle.dbtools.crest.model.design.logical.Entity" directorySegmentName="seg_0" id="C6BC2119-6E94-146D-4C37-74DAA52223A9" name="Vehiculo">
<createdBy>simonpine</createdBy>
<createdTime>2025-08-29 19:47:17 UTC</createdTime>
<ownerDesignName>BarkModelSuperFinalFinal</ownerDesignName>
<engineerTo>
<item key="5F623C28-34EE-0672-2B1C-55D68EF420AA" value="true"/>
</engineerTo>
<adequatelyNormalized>NO</adequatelyNormalized>
<expectedVolumes>0</expectedVolumes>
<fwdEngineeringStrategyName>Single Table</fwdEngineeringStrategyName>
<growthPercent>0</growthPercent>
<growthType>Year</growthType>
<maxVolumes>9999999</maxVolumes>
<minVolumes>0</minVolumes>
<normalForm>Third</normalForm>
<attributes itemClass="oracle.dbtools.crest.model.design.logical.Attribute">
<Attribute name="placa" id="1376CD45-CD99-DD11-98A1-BCCF32BF48B9">
<createdBy>simonpine</createdBy>
<createdTime>2025-08-29 19:47:17 UTC</createdTime>
<ownerDesignName>BarkModelSuperFinalFinal</ownerDesignName>
<engineerTo>
<item key="5F623C28-34EE-0672-2B1C-55D68EF420AA" value="true"/>
</engineerTo>
<useDomainConstraints>false</useDomainConstraints>
<use>1</use>
<logicalDatatype>LOGDT025</logicalDatatype>
<dataTypeSize>6 CHAR</dataTypeSize>
<ownDataTypeParameters>6 CHAR,,</ownDataTypeParameters>
</Attribute>
<Attribute name="modelo" id="2726D286-C41B-F500-E9A7-2FAB2D4ED9F3">
<createdBy>simonpine</createdBy>
<createdTime>2025-08-29 19:47:17 UTC</createdTime>
<ownerDesignName>BarkModelSuperFinalFinal</ownerDesignName>
<engineerTo>
<item key="5F623C28-34EE-0672-2B1C-55D68EF420AA" value="true"/>
</engineerTo>
<useDomainConstraints>false</useDomainConstraints>
<use>1</use>
<logicalDatatype>LOGDT024</logicalDatatype>
<dataTypeSize>30 CHAR</dataTypeSize>
<ownDataTypeParameters>30 CHAR,,</ownDataTypeParameters>
</Attribute>
<Attribute name="marca" id="DCF7D874-0A46-2698-563B-B7C0B2573E7F">
<createdBy>simonpine</createdBy>
<createdTime>2025-08-29 19:47:17 UTC</createdTime>
<ownerDesignName>BarkModelSuperFinalFinal</ownerDesignName>
<engineerTo>
<item key="5F623C28-34EE-0672-2B1C-55D68EF420AA" value="true"/>
</engineerTo>
<useDomainConstraints>false</useDomainConstraints>
<use>1</use>
<logicalDatatype>LOGDT024</logicalDatatype>
<ownDataTypeParameters>,,</ownDataTypeParameters>
</Attribute>
<Attribute name="color" id="74B266E1-1D17-A02E-E33D-A760F535C66F">
<createdBy>simonpine</createdBy>
<createdTime>2025-08-29 19:47:17 UTC</createdTime>
<generatorID>2E3E31AE-6504-DE5F-9CE6-DA7F3D0703B5</generatorID>
<ownerDesignName>BarkModelSuperFinalFinal</ownerDesignName>
<engineerTo>
<item key="5F623C28-34EE-0672-2B1C-55D68EF420AA" value="true"/>
</engineerTo>
<useDomainConstraints>false</useDomainConstraints>
<use>1</use>
<logicalDatatype>LOGDT024</logicalDatatype>
<ownDataTypeParameters>,,</ownDataTypeParameters>
</Attribute>
<Attribute name="tipo" id="4807B7EF-E497-8D37-D26D-3776DB36464B">
<createdBy>simonpine</createdBy>
<createdTime>2025-08-29 19:48:18 UTC</createdTime>
<ownerDesignName>BarkModelSuperFinalFinal</ownerDesignName>
<engineerTo>
<item key="5F623C28-34EE-0672-2B1C-55D68EF420AA" value="true"/>
</engineerTo>
<useDomainConstraints>false</useDomainConstraints>
<use>1</use>
<logicalDatatype>LOGDT025</logicalDatatype>
<ownDataTypeParameters>,,</ownDataTypeParameters>
</Attribute>
<Attribute name="cupos" id="88079D75-D3A1-AF20-001E-5005BB85EC4E">
<createdBy>simonpine</createdBy>
<createdTime>2025-08-29 19:48:38 UTC</createdTime>
<ownerDesignName>BarkModelSuperFinalFinal</ownerDesignName>
<engineerTo>
<item key="5F623C28-34EE-0672-2B1C-55D68EF420AA" value="true"/>
</engineerTo>
<useDomainConstraints>false</useDomainConstraints>
<use>1</use>
<logicalDatatype>LOGDT011</logicalDatatype>
<ownDataTypeParameters>,,</ownDataTypeParameters>
</Attribute>
<Attribute name="nivel" id="B0810E91-448C-3723-3AA2-E454E92387B8">
<createdBy>simonpine</createdBy>
<createdTime>2025-08-29 19:49:44 UTC</createdTime>
<ownerDesignName>BarkModelSuperFinalFinal</ownerDesignName>
<engineerTo>
<item key="5F623C28-34EE-0672-2B1C-55D68EF420AA" value="true"/>
</engineerTo>
<nullsAllowed>true</nullsAllowed>
<useDomainConstraints>false</useDomainConstraints>
<use>1</use>
<logicalDatatype>LOGDT025</logicalDatatype>
<ownDataTypeParameters>,,</ownDataTypeParameters>
</Attribute>
<Attribute name="idCiudad" id="8CEDBA3D-C66D-FBF8-D316-2DCB6938A806">
<createdBy>simonpine</createdBy>
<createdTime>2025-08-30 18:40:54 UTC</createdTime>
<generatorID>E1E198C9-2D17-2C40-32A7-2AEBA09DD324</generatorID>
<ownerDesignName>BarkModelSuperFinalFinal</ownerDesignName>
<engineerTo>
<item key="5F623C28-34EE-0672-2B1C-55D68EF420AA" value="true"/>
</engineerTo>
<referedAttribute>11E563FE-7704-E9DD-9628-ACF4489928E7</referedAttribute>
<useDomainConstraints>false</useDomainConstraints>
<use>1</use>
<logicalDatatype>LOGDT025</logicalDatatype>
<ownDataTypeParameters>,,</ownDataTypeParameters>
</Attribute>
<Attribute name="cedula1" id="FFF3356D-153E-B5D8-A349-32AC94A19A69">
<createdBy>simonpine</createdBy>
<createdTime>2025-08-31 17:09:13 UTC</createdTime>
<generatorID>B4F2DE03-B60A-DEC2-28B6-34DAD951F483</generatorID>
<ownerDesignName>BarkModelSuperFinalFinal</ownerDesignName>
<engineerTo>
<item key="5F623C28-34EE-0672-2B1C-55D68EF420AA" value="true"/>
</engineerTo>
<referedAttribute>8E2DA064-AC65-5C8E-A781-27970F118661</referedAttribute>
<useDomainConstraints>false</useDomainConstraints>
<use>1</use>
<logicalDatatype>LOGDT027</logicalDatatype>
<ownDataTypeParameters>,,</ownDataTypeParameters>
</Attribute>
</attributes>
<identifiers itemClass="oracle.dbtools.crest.model.design.logical.CandidateKey">
<identifier id="D2708E20-CC47-8280-DF79-D91A018D2551" name="Tarjeta PK">
<createdBy>simonpine</createdBy>
<createdTime>2025-08-29 19:47:17 UTC</createdTime>
<ownerDesignName>BarkModelSuperFinalFinal</ownerDesignName>
<engineerTo>
<item key="5F623C28-34EE-0672-2B1C-55D68EF420AA" value="true"/>
</engineerTo>
<pk>true</pk>
<usedAttributes>
<attributeRef>1376CD45-CD99-DD11-98A1-BCCF32BF48B9</attributeRef>
</usedAttributes>
</identifier>
</identifiers>
</Entity>