<?xml version = '1.0' encoding = 'UTF-8'?>
<Entity class="oracle.dbtools.crest.model.design.logical.Entity" directorySegmentName="seg_0" id="D5FE6737-64B3-DDBA-6D1B-258C822EEC9D" name="Cliente">
<createdBy>simonpine</createdBy>
<createdTime>2025-08-29 19:41:38 UTC</createdTime>
<ownerDesignName>BarkModelSuperFinalFinal</ownerDesignName>
<engineerTo>
<item key="5F623C28-34EE-0672-2B1C-55D68EF420AA" value="true"/>
</engineerTo>
<adequatelyNormalized>NO</adequatelyNormalized>
<expectedVolumes>0</expectedVolumes>
<fwdEngineeringStrategyName>Single Table</fwdEngineeringStrategyName>
<growthPercent>0</growthPercent>
<growthType>Year</growthType>
<hierarchicalParent>CDA4F5AB-B2D8-9248-E2CE-01585C7E5C00</hierarchicalParent>
<maxVolumes>9999999</maxVolumes>
<minVolumes>0</minVolumes>
<normalForm>Third</normalForm>
<attributes itemClass="oracle.dbtools.crest.model.design.logical.Attribute">
<Attribute name="idCliente" id="0E6F898A-2400-235E-73A9-0B9D5C1F1536">
<createdBy>simonpine</createdBy>
<createdTime>2025-08-31 17:25:28 UTC</createdTime>
<ownerDesignName>BarkModelSuperFinalFinal</ownerDesignName>
<engineerTo>
<item key="5F623C28-34EE-0672-2B1C-55D68EF420AA" value="true"/>
</engineerTo>
<useDomainConstraints>false</useDomainConstraints>
<use>1</use>
<logicalDatatype>LOGDT024</logicalDatatype>
<ownDataTypeParameters>,,</ownDataTypeParameters>
</Attribute>
</attributes>
<identifiers itemClass="oracle.dbtools.crest.model.design.logical.CandidateKey">
<identifier id="2D20B43C-29C7-A5CC-5837-C04FFD2A8393" name="Cliente PK">
<createdBy>simonpine</createdBy>
<createdTime>2025-08-31 17:25:58 UTC</createdTime>
<ownerDesignName>BarkModelSuperFinalFinal</ownerDesignName>
<engineerTo>
<item key="5F623C28-34EE-0672-2B1C-55D68EF420AA" value="true"/>
</engineerTo>
<pk>true</pk>
<usedAttributes>
<attributeRef>0E6F898A-2400-235E-73A9-0B9D5C1F1536</attributeRef>
</usedAttributes>
</identifier>
</identifiers>
</Entity>