<?xml version = '1.0' encoding = 'UTF-8'?>
<Entity class="oracle.dbtools.crest.model.design.logical.Entity" directorySegmentName="seg_0" id="FE775013-45C2-A5D1-8941-8EDC056E0DF5" name="Punto">
<createdBy>simonpine</createdBy>
<createdTime>2025-08-29 19:45:17 UTC</createdTime>
<ownerDesignName>BarkModelSuperFinalFinal</ownerDesignName>
<engineerTo>
<item key="5F623C28-34EE-0672-2B1C-55D68EF420AA" value="true"/>
</engineerTo>
<adequatelyNormalized>NO</adequatelyNormalized>
<expectedVolumes>0</expectedVolumes>
<fwdEngineeringStrategyName>Single Table</fwdEngineeringStrategyName>
<growthPercent>0</growthPercent>
<growthType>Year</growthType>
<maxVolumes>9999999</maxVolumes>
<minVolumes>0</minVolumes>
<normalForm>Third</normalForm>
<attributes itemClass="oracle.dbtools.crest.model.design.logical.Attribute">
<Attribute name="idPunto" id="E633295F-BD72-EFAA-EBA6-81D4F0C9F5B3">
<createdBy>simonpine</createdBy>
<createdTime>2025-08-29 19:45:17 UTC</createdTime>
<ownerDesignName>BarkModelSuperFinalFinal</ownerDesignName>
<engineerTo>
<item key="5F623C28-34EE-0672-2B1C-55D68EF420AA" value="true"/>
</engineerTo>
<useDomainConstraints>false</useDomainConstraints>
<use>1</use>
<logicalDatatype>LOGDT025</logicalDatatype>
<ownDataTypeParameters>,,</ownDataTypeParameters>
</Attribute>
<Attribute name="longitud" id="FCD46569-ACA5-D4A5-2110-296326347303">
<createdBy>simonpine</createdBy>
<createdTime>2025-08-29 19:45:17 UTC</createdTime>
<ownerDesignName>BarkModelSuperFinalFinal</ownerDesignName>
<engineerTo>
<item key="5F623C28-34EE-0672-2B1C-55D68EF420AA" value="true"/>
</engineerTo>
<useDomainConstraints>false</useDomainConstraints>
<use>1</use>
<logicalDatatype>LOGDT027</logicalDatatype>
<ownDataTypeParameters>,,</ownDataTypeParameters>
</Attribute>
<Attribute name="latitud" id="A5E7125D-2013-2E53-F509-4440ADDBA53D">
<createdBy>simonpine</createdBy>
<createdTime>2025-08-29 19:45:17 UTC</createdTime>
<generatorID>E69590A5-A7D3-45AD-DA93-F47EC93518DD</generatorID>
<ownerDesignName>BarkModelSuperFinalFinal</ownerDesignName>
<engineerTo>
<item key="5F623C28-34EE-0672-2B1C-55D68EF420AA" value="true"/>
</engineerTo>
<useDomainConstraints>false</useDomainConstraints>
<use>1</use>
<logicalDatatype>LOGDT027</logicalDatatype>
<ownDataTypeParameters>,,</ownDataTypeParameters>
</Attribute>
<Attribute name="idServicio" id="C42B36B4-70E8-7B83-3623-FB76635485ED">
<createdBy>simonpine</createdBy>
<createdTime>2025-08-29 19:47:10 UTC</createdTime>
<generatorID>0B1CA5B9-2782-D421-3D21-1983736B96B9</generatorID>
<ownerDesignName>BarkModelSuperFinalFinal</ownerDesignName>
<engineerTo>
<item key="5F623C28-34EE-0672-2B1C-55D68EF420AA" value="true"/>
</engineerTo>
<nullsAllowed>true</nullsAllowed>
<referedAttribute>542B6B1F-1821-532F-D649-4DD712147892</referedAttribute>
<useDomainConstraints>false</useDomainConstraints>
<use>1</use>
<logicalDatatype>LOGDT027</logicalDatatype>
<ownDataTypeParameters>,,</ownDataTypeParameters>
</Attribute>
<Attribute name="direccionAproximada" id="DDF68DF1-8C7D-9C32-ACF4-2BB81C304483">
<createdBy>simonpine</createdBy>
<createdTime>2025-08-30 18:36:51 UTC</createdTime>
<ownerDesignName>BarkModelSuperFinalFinal</ownerDesignName>
<engineerTo>
<item key="5F623C28-34EE-0672-2B1C-55D68EF420AA" value="true"/>
</engineerTo>
<useDomainConstraints>false</useDomainConstraints>
<use>1</use>
<logicalDatatype>LOGDT024</logicalDatatype>
<ownDataTypeParameters>,,</ownDataTypeParameters>
</Attribute>
<Attribute name="idCiudad" id="3CC83738-E2D0-AF7F-4315-DA1E7D2E33A8">
<createdBy>simonpine</createdBy>
<createdTime>2025-08-30 18:42:27 UTC</createdTime>
<generatorID>2BE3250B-C321-BE63-0169-581357D28DE6</generatorID>
<ownerDesignName>BarkModelSuperFinalFinal</ownerDesignName>
<engineerTo>
<item key="5F623C28-34EE-0672-2B1C-55D68EF420AA" value="true"/>
</engineerTo>
<referedAttribute>11E563FE-7704-E9DD-9628-ACF4489928E7</referedAttribute>
<useDomainConstraints>false</useDomainConstraints>
<use>1</use>
<logicalDatatype>LOGDT025</logicalDatatype>
<ownDataTypeParameters>,,</ownDataTypeParameters>
</Attribute>
<Attribute name="tipo" id="C4BAB9C1-DFE4-8001-6631-190162EB5EFC">
<createdBy>simonpine</createdBy>
<createdTime>2025-08-30 18:43:04 UTC</createdTime>
<commentInRDBMS><![CDATA[Puede referirse a llegada o salida]]></commentInRDBMS>
<ownerDesignName>BarkModelSuperFinalFinal</ownerDesignName>
<engineerTo>
<item key="5F623C28-34EE-0672-2B1C-55D68EF420AA" value="true"/>
</engineerTo>
<useDomainConstraints>false</useDomainConstraints>
<use>1</use>
<logicalDatatype>LOGDT024</logicalDatatype>
<ownDataTypeParameters>,,</ownDataTypeParameters>
</Attribute>
</attributes>
<identifiers itemClass="oracle.dbtools.crest.model.design.logical.CandidateKey">
<identifier id="FC8FF78A-B33E-1D8D-0D1A-23CC77F7CBA3" name="Tarjeta PK">
<createdBy>simonpine</createdBy>
<createdTime>2025-08-29 19:45:17 UTC</createdTime>
<ownerDesignName>BarkModelSuperFinalFinal</ownerDesignName>
<engineerTo>
<item key="5F623C28-34EE-0672-2B1C-55D68EF420AA" value="true"/>
</engineerTo>
<pk>true</pk>
<usedAttributes>
<attributeRef>E633295F-BD72-EFAA-EBA6-81D4F0C9F5B3</attributeRef>
</usedAttributes>
</identifier>
</identifiers>
</Entity>