<?xml version = '1.0' encoding = 'UTF-8'?>
<InheritanceRelation class="oracle.dbtools.crest.model.design.logical.InheritanceRelation" name="Hierarchy_1" directorySegmentName="seg_0" id="61E6CF34-6E2D-AAA3-A9AB-49839621760E">
<createdBy>simonpine</createdBy>
<createdTime>2025-08-29 19:40:10 UTC</createdTime>
<ownerDesignName>BarkModel</ownerDesignName>
<engineerTo>
<item key="5F623C28-34EE-0672-2B1C-55D68EF420AA" value="true"/>
</engineerTo>
<identifying>false</identifying>
<nameOnSource>Super Type</nameOnSource>
<nameOnTarget>Sub Type</nameOnTarget>
<optionalSource>true</optionalSource>
<optionalTarget>true</optionalTarget>
<sourceEntity>CDA4F5AB-B2D8-9248-E2CE-01585C7E5C00</sourceEntity>
<targetEntity>A5CBEED4-348A-ED91-ED6A-AFE7F53FCC00</targetEntity>
<transferable>true</transferable>
<deleteRule>NO ACTION</deleteRule>
</InheritanceRelation>