<?xml version = '1.0' encoding = 'UTF-8'?>
<InheritanceRelation class="oracle.dbtools.crest.model.design.logical.InheritanceRelation" name="Hierarchy_2" directorySegmentName="seg_0" id="E42F02CE-D8D3-C5F6-4C87-AF53EF0780E6">
<createdBy>simonpine</createdBy>
<createdTime>2025-08-29 19:41:38 UTC</createdTime>
<ownerDesignName>BarkModel</ownerDesignName>
<engineerTo>
<item key="5F623C28-34EE-0672-2B1C-55D68EF420AA" value="true"/>
</engineerTo>
<identifying>false</identifying>
<nameOnSource>Super Type</nameOnSource>
<nameOnTarget>Sub Type</nameOnTarget>
<optionalSource>true</optionalSource>
<optionalTarget>true</optionalTarget>
<sourceEntity>CDA4F5AB-B2D8-9248-E2CE-01585C7E5C00</sourceEntity>
<targetEntity>D5FE6737-64B3-DDBA-6D1B-258C822EEC9D</targetEntity>
<transferable>true</transferable>
<deleteRule>NO ACTION</deleteRule>
</InheritanceRelation>