<?xml version = '1.0' encoding = 'UTF-8'?>
<Relation class="oracle.dbtools.crest.model.design.logical.Relation" name="Relation_23" directorySegmentName="seg_0" id="0353D07E-184E-5017-33B2-C60DC85978D1">
<createdBy>simonpine</createdBy>
<createdTime>2025-08-31 18:06:45 UTC</createdTime>
<ownerDesignName>BarkModelSuperFinalFinal</ownerDesignName>
<engineerTo>
<item key="5F623C28-34EE-0672-2B1C-55D68EF420AA" value="true"/>
</engineerTo>
<targetPk>D01DB7C9-6446-C8BB-761D-87E3A182F292</targetPk>
<identifying>false</identifying>
<optionalSource>false</optionalSource>
<optionalTarget>false</optionalTarget>
<sourceCardinality>*</sourceCardinality>
<sourceEntity>21B929FF-BD9F-4113-56C0-22A30D158995</sourceEntity>
<targetCardinalityString>1</targetCardinalityString>
<targetEntity>0FEED0C9-FA97-3199-EC8C-426B41236EA0</targetEntity>
<transferable>true</transferable>
<deleteRule>NO ACTION</deleteRule>
</Relation>