<?xml version = '1.0' encoding = 'UTF-8'?>
<Relation class="oracle.dbtools.crest.model.design.logical.Relation" name="Relation_15" directorySegmentName="seg_0" id="0883B3DC-E6F2-4D6C-DBC3-E33F797299D4">
<createdBy>simonpine</createdBy>
<createdTime>2025-08-31 17:10:17 UTC</createdTime>
<ownerDesignName>BarkModelSuperFinalFinal</ownerDesignName>
<engineerTo>
<item key="5F623C28-34EE-0672-2B1C-55D68EF420AA" value="true"/>
</engineerTo>
<sourcePk>404D4F68-F1EB-B925-218B-7CEBDE19CEA4</sourcePk>
<identifying>false</identifying>
<optionalSource>true</optionalSource>
<optionalTarget>false</optionalTarget>
<sourceCardinality>1</sourceCardinality>
<sourceEntity>D5FE6737-64B3-DDBA-6D1B-258C822EEC9D</sourceEntity>
<targetCardinalityString>*</targetCardinalityString>
<targetEntity>21B929FF-BD9F-4113-56C0-22A30D158995</targetEntity>
<transferable>true</transferable>
<deleteRule>NO ACTION</deleteRule>
</Relation>