<?xml version = '1.0' encoding = 'UTF-8'?>
<Relation class="oracle.dbtools.crest.model.design.logical.Relation" name="Punto" directorySegmentName="seg_0" id="0B1CA5B9-2782-D421-3D21-1983736B96B9">
<createdBy>simonpine</createdBy>
<createdTime>2025-08-29 19:45:27 UTC</createdTime>
<ownerDesignName>BarkModelSuperFinalFinal</ownerDesignName>
<engineerTo>
<item key="5F623C28-34EE-0672-2B1C-55D68EF420AA" value="true"/>
</engineerTo>
<sourcePk>4BF5A8DC-736D-7A8D-7887-51576807D719</sourcePk>
<identifying>false</identifying>
<optionalSource>false</optionalSource>
<optionalTarget>true</optionalTarget>
<sourceCardinality>1</sourceCardinality>
<sourceEntity>21B929FF-BD9F-4113-56C0-22A30D158995</sourceEntity>
<targetCardinalityString>*</targetCardinalityString>
<targetEntity>FE775013-45C2-A5D1-8941-8EDC056E0DF5</targetEntity>
<transferable>true</transferable>
<deleteRule>NO ACTION</deleteRule>
</Relation>