<?xml version = '1.0' encoding = 'UTF-8'?>
<Relation class="oracle.dbtools.crest.model.design.logical.Relation" name="Relation_18" directorySegmentName="seg_0" id="11AB793F-ACFE-63AE-71EF-E58FB6E10D96">
<createdBy>simonpine</createdBy>
<createdTime>2025-08-31 17:12:29 UTC</createdTime>
<ownerDesignName>BarkModelSuperFinalFinal</ownerDesignName>
<engineerTo>
<item key="5F623C28-34EE-0672-2B1C-55D68EF420AA" value="true"/>
</engineerTo>
<targetPk>4BF5A8DC-736D-7A8D-7887-51576807D719</targetPk>
<identifying>false</identifying>
<optionalSource>false</optionalSource>
<optionalTarget>true</optionalTarget>
<sourceCardinality>*</sourceCardinality>
<sourceEntity>0CF12085-1461-F5A2-38CF-8D72BE11E84A</sourceEntity>
<targetCardinalityString>1</targetCardinalityString>
<targetEntity>21B929FF-BD9F-4113-56C0-22A30D158995</targetEntity>
<transferable>true</transferable>
<deleteRule>NO ACTION</deleteRule>
</Relation>