<?xml version = '1.0' encoding = 'UTF-8'?>
<Relation class="oracle.dbtools.crest.model.design.logical.Relation" name="Relation_10" directorySegmentName="seg_0" id="21095204-731D-80C2-2AFB-A7D0A8774D37">
<createdBy>simonpine</createdBy>
<createdTime>2025-08-29 19:54:01 UTC</createdTime>
<ownerDesignName>BarkModelSuperFinalFinal</ownerDesignName>
<engineerTo>
<item key="5F623C28-34EE-0672-2B1C-55D68EF420AA" value="true"/>
</engineerTo>
<targetPk>AB2EA36E-A2AF-8123-2075-D319EFF2D399</targetPk>
<identifying>false</identifying>
<optionalSource>false</optionalSource>
<optionalTarget>false</optionalTarget>
<sourceCardinality>*</sourceCardinality>
<sourceEntity>4A240785-34B1-20AF-C7F3-350066E4307A</sourceEntity>
<targetCardinalityString>1</targetCardinalityString>
<targetEntity>8E8DA10B-37E7-8232-72F2-6F373A308EA6</targetEntity>
<transferable>true</transferable>
<deleteRule>NO ACTION</deleteRule>
</Relation>