<?xml version = '1.0' encoding = 'UTF-8'?>
<Relation class="oracle.dbtools.crest.model.design.logical.Relation" name="Relation_14" directorySegmentName="seg_0" id="2BE3250B-C321-BE63-0169-581357D28DE6">
<createdBy>simonpine</createdBy>
<createdTime>2025-08-30 18:42:03 UTC</createdTime>
<ownerDesignName>BarkModelSuperFinalFinal</ownerDesignName>
<engineerTo>
<item key="5F623C28-34EE-0672-2B1C-55D68EF420AA" value="true"/>
</engineerTo>
<sourcePk>631D3E69-7CAE-4ACF-D764-D557D707D96F</sourcePk>
<identifying>false</identifying>
<optionalSource>true</optionalSource>
<optionalTarget>false</optionalTarget>
<sourceCardinality>1</sourceCardinality>
<sourceEntity>67448D9D-F5F5-D5D9-1A12-A336BDCB7890</sourceEntity>
<targetCardinalityString>*</targetCardinalityString>
<targetEntity>FE775013-45C2-A5D1-8941-8EDC056E0DF5</targetEntity>
<transferable>true</transferable>
<deleteRule>NO ACTION</deleteRule>
</Relation>