<?xml version = '1.0' encoding = 'UTF-8'?>
<Relation class="oracle.dbtools.crest.model.design.logical.Relation" name="Relation_2" directorySegmentName="seg_0" id="2D422577-6355-9047-C8DA-771FAB57DD1D">
<createdBy>simonpine</createdBy>
<createdTime>2025-08-29 19:35:17 UTC</createdTime>
<ownerDesignName>BarkModelSuperFinalFinal</ownerDesignName>
<engineerTo>
<item key="5F623C28-34EE-0672-2B1C-55D68EF420AA" value="true"/>
</engineerTo>
<targetPk>631D3E69-7CAE-4ACF-D764-D557D707D96F</targetPk>
<identifying>false</identifying>
<optionalSource>true</optionalSource>
<optionalTarget>true</optionalTarget>
<sourceCardinality>*</sourceCardinality>
<sourceEntity>CDA4F5AB-B2D8-9248-E2CE-01585C7E5C00</sourceEntity>
<targetCardinalityString>1</targetCardinalityString>
<targetEntity>67448D9D-F5F5-D5D9-1A12-A336BDCB7890</targetEntity>
<transferable>true</transferable>
<deleteRule>NO ACTION</deleteRule>
</Relation>