<?xml version = '1.0' encoding = 'UTF-8'?>
<Relation class="oracle.dbtools.crest.model.design.logical.Relation" name="Relation_19" directorySegmentName="seg_0" id="494F221B-15AE-238F-F0AA-1D4BCA7EEE57">
<createdBy>simonpine</createdBy>
<createdTime>2025-08-31 17:17:59 UTC</createdTime>
<ownerDesignName>BarkModelSuperFinalFinal</ownerDesignName>
<engineerTo>
<item key="5F623C28-34EE-0672-2B1C-55D68EF420AA" value="true"/>
</engineerTo>
<targetPk>631D3E69-7CAE-4ACF-D764-D557D707D96F</targetPk>
<identifying>false</identifying>
<optionalSource>false</optionalSource>
<optionalTarget>true</optionalTarget>
<sourceCardinality>*</sourceCardinality>
<sourceEntity>21B929FF-BD9F-4113-56C0-22A30D158995</sourceEntity>
<targetCardinalityString>1</targetCardinalityString>
<targetEntity>67448D9D-F5F5-D5D9-1A12-A336BDCB7890</targetEntity>
<transferable>true</transferable>
<deleteRule>NO ACTION</deleteRule>
</Relation>