<?xml version = '1.0' encoding = 'UTF-8'?>
<Relation class="oracle.dbtools.crest.model.design.logical.Relation" name="Relation_17" directorySegmentName="seg_0" id="AA874E0F-9E67-84E1-0F9E-74B99041F0D9">
<createdBy>simonpine</createdBy>
<createdTime>2025-08-31 17:11:08 UTC</createdTime>
<ownerDesignName>BarkModelSuperFinalFinal</ownerDesignName>
<engineerTo>
<item key="5F623C28-34EE-0672-2B1C-55D68EF420AA" value="true"/>
</engineerTo>
<sourcePk>404D4F68-F1EB-B925-218B-7CEBDE19CEA4</sourcePk>
<identifying>false</identifying>
<optionalSource>true</optionalSource>
<optionalTarget>false</optionalTarget>
<sourceCardinality>1</sourceCardinality>
<sourceEntity>D5FE6737-64B3-DDBA-6D1B-258C822EEC9D</sourceEntity>
<targetCardinalityString>1</targetCardinalityString>
<targetEntity>4EB66396-A2B2-0DF7-1CC4-89EEFCAA8E6E</targetEntity>
<transferable>true</transferable>
<deleteRule>NO ACTION</deleteRule>
</Relation>