<?xml version = '1.0' encoding = 'UTF-8'?>
<Relation class="oracle.dbtools.crest.model.design.logical.Relation" name="Relation_20" directorySegmentName="seg_0" id="B068D357-3A23-AA26-C647-778928ADF753">
<createdBy>simonpine</createdBy>
<createdTime>2025-08-30 23:08:19 UTC</createdTime>
<ownerDesignName>BarkModelSuperFinalFinal</ownerDesignName>
<engineerTo>
<item key="5F623C28-34EE-0672-2B1C-55D68EF420AA" value="true"/>
</engineerTo>
<identifying>false</identifying>
<optionalSource>true</optionalSource>
<optionalTarget>false</optionalTarget>
<sourceCardinality>*</sourceCardinality>
<sourceEntity>8E8DA10B-37E7-8232-72F2-6F373A308EA6</sourceEntity>
<targetCardinalityString>*</targetCardinalityString>
<targetEntity>C6BC2119-6E94-146D-4C37-74DAA52223A9</targetEntity>
<transferable>true</transferable>
<deleteRule>NO ACTION</deleteRule>
</Relation>