<?xml version = '1.0' encoding = 'UTF-8'?>
<Relation class="oracle.dbtools.crest.model.design.logical.Relation" name="Relation_13" directorySegmentName="seg_0" id="B4F2DE03-B60A-DEC2-28B6-34DAD951F483">
<createdBy>simonpine</createdBy>
<createdTime>2025-08-31 17:08:54 UTC</createdTime>
<ownerDesignName>BarkModelSuperFinalFinal</ownerDesignName>
<engineerTo>
<item key="5F623C28-34EE-0672-2B1C-55D68EF420AA" value="true"/>
</engineerTo>
<sourcePk>404D4F68-F1EB-B925-218B-7CEBDE19CEA4</sourcePk>
<identifying>false</identifying>
<optionalSource>true</optionalSource>
<optionalTarget>false</optionalTarget>
<sourceCardinality>1</sourceCardinality>
<sourceEntity>A5CBEED4-348A-ED91-ED6A-AFE7F53FCC00</sourceEntity>
<targetCardinalityString>*</targetCardinalityString>
<targetEntity>C6BC2119-6E94-146D-4C37-74DAA52223A9</targetEntity>
<transferable>true</transferable>
<deleteRule>NO ACTION</deleteRule>
</Relation>