<?xml version = '1.0' encoding = 'UTF-8'?>
<Relation class="oracle.dbtools.crest.model.design.logical.Relation" name="Relation_16" directorySegmentName="seg_0" id="C1FC273F-5553-6096-4D96-874247968661">
<createdBy>simonpine</createdBy>
<createdTime>2025-08-31 17:10:31 UTC</createdTime>
<ownerDesignName>BarkModelSuperFinalFinal</ownerDesignName>
<engineerTo>
<item key="5F623C28-34EE-0672-2B1C-55D68EF420AA" value="true"/>
</engineerTo>
<sourcePk>404D4F68-F1EB-B925-218B-7CEBDE19CEA4</sourcePk>
<identifying>false</identifying>
<optionalSource>true</optionalSource>
<optionalTarget>false</optionalTarget>
<sourceCardinality>1</sourceCardinality>
<sourceEntity>A5CBEED4-348A-ED91-ED6A-AFE7F53FCC00</sourceEntity>
<targetCardinalityString>*</targetCardinalityString>
<targetEntity>21B929FF-BD9F-4113-56C0-22A30D158995</targetEntity>
<transferable>true</transferable>
<deleteRule>NO ACTION</deleteRule>
</Relation>