<?xml version = '1.0' encoding = 'UTF-8'?>
<Relation class="oracle.dbtools.crest.model.design.logical.Relation" name="as" directorySegmentName="seg_0" id="E1E198C9-2D17-2C40-32A7-2AEBA09DD324">
<createdBy>simonpine</createdBy>
<createdTime>2025-08-30 18:40:19 UTC</createdTime>
<ownerDesignName>BarkModelSuperFinalFinal</ownerDesignName>
<engineerTo>
<item key="5F623C28-34EE-0672-2B1C-55D68EF420AA" value="true"/>
</engineerTo>
<targetPk>631D3E69-7CAE-4ACF-D764-D557D707D96F</targetPk>
<identifying>false</identifying>
<optionalSource>false</optionalSource>
<optionalTarget>true</optionalTarget>
<sourceCardinality>*</sourceCardinality>
<sourceEntity>C6BC2119-6E94-146D-4C37-74DAA52223A9</sourceEntity>
<targetCardinalityString>1</targetCardinalityString>
<targetEntity>67448D9D-F5F5-D5D9-1A12-A336BDCB7890</targetEntity>
<transferable>true</transferable>
<deleteRule>NO ACTION</deleteRule>
</Relation>