<?xml version = '1.0' encoding = 'UTF-8'?>
<relationalModel class="oracle.dbtools.crest.model.design.relational.RelationalDesign" name="Relational_1" id="5F623C28-34EE-0672-2B1C-55D68EF420AA" mainViewID="8D55E819-EF1F-FCAA-1859-94D59CBB24E9">
<createdBy>simonpine</createdBy>
<createdTime>2025-08-29 19:28:02 UTC</createdTime>
<ownerDesignName>BarkModel</ownerDesignName>
<shouldBeOpen>true</shouldBeOpen>
<selectedRDBMSSite>32076570-2523-435C-2E92-BF29817DFF70</selectedRDBMSSite>
</relationalModel>