<?xml version = '1.0' encoding = 'UTF-8'?>
<Diagram class="oracle.dbtools.crest.swingui.logical.DPVLogical" name="Logical" id="76E97D4F-0371-5D31-6610-5A5317390A00">
<createdBy>simonpine</createdBy>
<modifiedBy>simonpine</modifiedBy>
<createdTime>2025-08-29 19:28:31 UTC</createdTime>
<autoRoute>false</autoRoute>
<boxInbox>true</boxInbox>
<showLegend>false</showLegend>
<showLabels>false</showLabels>
<showRelAttributes>false</showRelAttributes>
<gridEnabled>false</gridEnabled>
<showGrid>false</showGrid>
<diagramColor>-1</diagramColor>
<display>false</display>
<notation>1</notation>
<objectViews>
<OView class="oracle.dbtools.crest.swingui.logical.TVEntity" oid="0CF12085-1461-F5A2-38CF-8D72BE11E84A" otype="Entity" vid="D35E4B3D-AEFC-900A-C0E1-251EDC3A9FA5">
<hideElementsInCurrentOnly>false</hideElementsInCurrentOnly>
<bounds x="564" y="99" width="146" height="70"/>
</OView>
<OView class="oracle.dbtools.crest.swingui.logical.TVEntity" oid="0FEED0C9-FA97-3199-EC8C-426B41236EA0" otype="Entity" vid="7C60588D-1DBD-9558-1C62-A04C9F383A36">
<hideElementsInCurrentOnly>false</hideElementsInCurrentOnly>
<bounds x="746" y="258" width="157" height="71"/>
</OView>
<OView class="oracle.dbtools.crest.swingui.logical.TVEntity" oid="21B929FF-BD9F-4113-56C0-22A30D158995" otype="Entity" vid="8B539D47-BC24-2C12-3479-92C1DE1B8570">
<hideElementsInCurrentOnly>false</hideElementsInCurrentOnly>
<bounds x="554" y="225" width="157" height="100"/>
</OView>
<OView class="oracle.dbtools.crest.swingui.logical.TVEntity" oid="4A240785-34B1-20AF-C7F3-350066E4307A" otype="Entity" vid="B387715F-FDE4-8C85-052B-B4BB3F956815">
<hideElementsInCurrentOnly>false</hideElementsInCurrentOnly>
<bounds x="62" y="297" width="146" height="58"/>
</OView>
<OView class="oracle.dbtools.crest.swingui.logical.TVEntity" oid="4EB66396-A2B2-0DF7-1CC4-89EEFCAA8E6E" otype="Entity" vid="15F41167-10D1-A2AC-FE0A-8ED5618D4A60">
<hideElementsInCurrentOnly>false</hideElementsInCurrentOnly>
<bounds x="71" y="178" width="146" height="84"/>
</OView>
<OView class="oracle.dbtools.crest.swingui.logical.TVEntity" oid="67448D9D-F5F5-D5D9-1A12-A336BDCB7890" otype="Entity" vid="22FCFD9C-9FA0-EF72-9E48-55AA11036587">
<hideElementsInCurrentOnly>false</hideElementsInCurrentOnly>
<bounds x="482" y="409" width="133" height="55"/>
</OView>
<OView class="oracle.dbtools.crest.swingui.logical.TVEntity" oid="8E8DA10B-37E7-8232-72F2-6F373A308EA6" otype="Entity" vid="71267046-291A-4E1A-6D68-A7D640BA6559">
<hideElementsInCurrentOnly>false</hideElementsInCurrentOnly>
<bounds x="67" y="401" width="146" height="58"/>
</OView>
<OView class="oracle.dbtools.crest.swingui.logical.TVEntity" oid="A5CBEED4-348A-ED91-ED6A-AFE7F53FCC00" otype="Entity" vid="E451F817-B03F-844E-C272-84523F56F133">
<hideElementsInCurrentOnly>false</hideElementsInCurrentOnly>
<bounds x="310" y="291" width="119" height="47"/>
</OView>
<OView class="oracle.dbtools.crest.swingui.logical.TVEntity" oid="C6BC2119-6E94-146D-4C37-74DAA52223A9" otype="Entity" vid="7FF8B536-2FE0-D1C4-4A15-37AA0892393C">
<hideElementsInCurrentOnly>false</hideElementsInCurrentOnly>
<bounds x="310" y="385" width="146" height="124"/>
</OView>
<OView class="oracle.dbtools.crest.swingui.logical.TVEntity" oid="CDA4F5AB-B2D8-9248-E2CE-01585C7E5C00" otype="Entity" vid="4DB7D0FF-8892-A6CD-11B9-AD37CD023D8B">
<hideElementsInCurrentOnly>false</hideElementsInCurrentOnly>
<bounds x="271" y="150" width="207" height="207"/>
</OView>
<OView class="oracle.dbtools.crest.swingui.logical.TVEntity" oid="D5FE6737-64B3-DDBA-6D1B-258C822EEC9D" otype="Entity" vid="2C365151-AF12-F9E6-4157-DE1BA86AC4B9">
<hideElementsInCurrentOnly>false</hideElementsInCurrentOnly>
<bounds x="308" y="236" width="119" height="48"/>
</OView>
<OView class="oracle.dbtools.crest.swingui.logical.TVEntity" oid="FE775013-45C2-A5D1-8941-8EDC056E0DF5" otype="Entity" vid="0F6C9BA9-A9D0-D812-CD2E-8BBAC28A77CB">
<hideElementsInCurrentOnly>false</hideElementsInCurrentOnly>
<bounds x="572" y="513" width="146" height="93"/>
</OView>
</objectViews>
<connectors>
<Connector class="oracle.dbtools.crest.swingui.logical.TVRelation" oid="0353D07E-184E-5017-33B2-C60DC85978D1" otype="Relation" vid_source="8B539D47-BC24-2C12-3479-92C1DE1B8570" vid_target="7C60588D-1DBD-9558-1C62-A04C9F383A36">
<hideElementsInCurrentOnly>false</hideElementsInCurrentOnly>
<backgroundColor>-16777216</backgroundColor>
<lineWidth>1</lineWidth>
<points>
<point x="711" y="291"/>
<point x="746" y="291"/>
</points>
</Connector>
<Connector class="oracle.dbtools.crest.swingui.logical.TVRelation" oid="0883B3DC-E6F2-4D6C-DBC3-E33F797299D4" otype="Relation" vid_source="2C365151-AF12-F9E6-4157-DE1BA86AC4B9" vid_target="8B539D47-BC24-2C12-3479-92C1DE1B8570">
<hideElementsInCurrentOnly>false</hideElementsInCurrentOnly>
<backgroundColor>-16777216</backgroundColor>
<lineWidth>1</lineWidth>
<points>
<point x="427" y="260"/>
<point x="554" y="260"/>
</points>
</Connector>
<Connector class="oracle.dbtools.crest.swingui.logical.TVRelation" oid="0B1CA5B9-2782-D421-3D21-1983736B96B9" otype="Relation" vid_source="8B539D47-BC24-2C12-3479-92C1DE1B8570" vid_target="0F6C9BA9-A9D0-D812-CD2E-8BBAC28A77CB">
<hideElementsInCurrentOnly>false</hideElementsInCurrentOnly>
<backgroundColor>-16777216</backgroundColor>
<lineWidth>1</lineWidth>
<points>
<point x="641" y="325"/>
<point x="641" y="513"/>
</points>
</Connector>
<Connector class="oracle.dbtools.crest.swingui.logical.TVRelation" oid="11AB793F-ACFE-63AE-71EF-E58FB6E10D96" otype="Relation" vid_source="D35E4B3D-AEFC-900A-C0E1-251EDC3A9FA5" vid_target="8B539D47-BC24-2C12-3479-92C1DE1B8570">
<hideElementsInCurrentOnly>false</hideElementsInCurrentOnly>
<backgroundColor>-16777216</backgroundColor>
<lineWidth>1</lineWidth>
<points>
<point x="637" y="169"/>
<point x="637" y="225"/>
</points>
</Connector>
<Connector class="oracle.dbtools.crest.swingui.logical.TVRelation" oid="21095204-731D-80C2-2AFB-A7D0A8774D37" otype="Relation" vid_source="B387715F-FDE4-8C85-052B-B4BB3F956815" vid_target="71267046-291A-4E1A-6D68-A7D640BA6559">
<hideElementsInCurrentOnly>false</hideElementsInCurrentOnly>
<backgroundColor>-16777216</backgroundColor>
<lineWidth>1</lineWidth>
<points>
<point x="137" y="355"/>
<point x="137" y="401"/>
</points>
</Connector>
<Connector class="oracle.dbtools.crest.swingui.logical.TVRelation" oid="2BE3250B-C321-BE63-0169-581357D28DE6" otype="Relation" vid_source="22FCFD9C-9FA0-EF72-9E48-55AA11036587" vid_target="0F6C9BA9-A9D0-D812-CD2E-8BBAC28A77CB">
<hideElementsInCurrentOnly>false</hideElementsInCurrentOnly>
<backgroundColor>-16777216</backgroundColor>
<lineWidth>1</lineWidth>
<points>
<point x="593" y="464"/>
<point x="593" y="513"/>
</points>
</Connector>
<Connector class="oracle.dbtools.crest.swingui.logical.TVRelation" oid="2D422577-6355-9047-C8DA-771FAB57DD1D" otype="Relation" vid_source="4DB7D0FF-8892-A6CD-11B9-AD37CD023D8B" vid_target="22FCFD9C-9FA0-EF72-9E48-55AA11036587">
<hideElementsInCurrentOnly>false</hideElementsInCurrentOnly>
<backgroundColor>-16777216</backgroundColor>
<lineWidth>1</lineWidth>
<points>
<point x="472" y="357"/>
<point x="522" y="409"/>
</points>
</Connector>
<Connector class="oracle.dbtools.crest.swingui.logical.TVRelation" oid="494F221B-15AE-238F-F0AA-1D4BCA7EEE57" otype="Relation" vid_source="8B539D47-BC24-2C12-3479-92C1DE1B8570" vid_target="22FCFD9C-9FA0-EF72-9E48-55AA11036587">
<hideElementsInCurrentOnly>false</hideElementsInCurrentOnly>
<backgroundColor>-16777216</backgroundColor>
<lineWidth>1</lineWidth>
<points>
<point x="584" y="325"/>
<point x="584" y="409"/>
</points>
</Connector>
<Connector class="oracle.dbtools.crest.swingui.logical.TVInheritanceRelation" oid="61E6CF34-6E2D-AAA3-A9AB-49839621760E" otype="Hierarchy relation" vid_source="4DB7D0FF-8892-A6CD-11B9-AD37CD023D8B" vid_target="E451F817-B03F-844E-C272-84523F56F133">
<hideElementsInCurrentOnly>false</hideElementsInCurrentOnly>
<backgroundColor>-65536</backgroundColor>
<lineWidth>1</lineWidth>
</Connector>
<Connector class="oracle.dbtools.crest.swingui.logical.TVRelation" oid="AA874E0F-9E67-84E1-0F9E-74B99041F0D9" otype="Relation" vid_source="2C365151-AF12-F9E6-4157-DE1BA86AC4B9" vid_target="15F41167-10D1-A2AC-FE0A-8ED5618D4A60">
<hideElementsInCurrentOnly>false</hideElementsInCurrentOnly>
<backgroundColor>-16777216</backgroundColor>
<lineWidth>1</lineWidth>
<points>
<point x="308" y="249"/>
<point x="217" y="249"/>
</points>
</Connector>
<Connector class="oracle.dbtools.crest.swingui.logical.TVRelation" oid="B068D357-3A23-AA26-C647-778928ADF753" otype="Relation" vid_source="71267046-291A-4E1A-6D68-A7D640BA6559" vid_target="7FF8B536-2FE0-D1C4-4A15-37AA0892393C">
<hideElementsInCurrentOnly>false</hideElementsInCurrentOnly>
<backgroundColor>-16777216</backgroundColor>
<lineWidth>1</lineWidth>
<points>
<point x="213" y="430"/>
<point x="310" y="430"/>
</points>
</Connector>
<Connector class="oracle.dbtools.crest.swingui.logical.TVRelation" oid="B4F2DE03-B60A-DEC2-28B6-34DAD951F483" otype="Relation" vid_source="E451F817-B03F-844E-C272-84523F56F133" vid_target="7FF8B536-2FE0-D1C4-4A15-37AA0892393C">
<hideElementsInCurrentOnly>false</hideElementsInCurrentOnly>
<backgroundColor>-16777216</backgroundColor>
<lineWidth>1</lineWidth>
<points>
<point x="369" y="338"/>
<point x="369" y="385"/>
</points>
</Connector>
<Connector class="oracle.dbtools.crest.swingui.logical.TVRelation" oid="C1FC273F-5553-6096-4D96-874247968661" otype="Relation" vid_source="E451F817-B03F-844E-C272-84523F56F133" vid_target="8B539D47-BC24-2C12-3479-92C1DE1B8570">
<hideElementsInCurrentOnly>false</hideElementsInCurrentOnly>
<backgroundColor>-16777216</backgroundColor>
<lineWidth>1</lineWidth>
<points>
<point x="429" y="308"/>
<point x="554" y="308"/>
</points>
</Connector>
<Connector class="oracle.dbtools.crest.swingui.logical.TVRelation" oid="E1E198C9-2D17-2C40-32A7-2AEBA09DD324" otype="Relation" vid_source="7FF8B536-2FE0-D1C4-4A15-37AA0892393C" vid_target="22FCFD9C-9FA0-EF72-9E48-55AA11036587">
<hideElementsInCurrentOnly>false</hideElementsInCurrentOnly>
<backgroundColor>-16777216</backgroundColor>
<lineWidth>1</lineWidth>
<points>
<point x="456" y="436"/>
<point x="482" y="436"/>
</points>
</Connector>
<Connector class="oracle.dbtools.crest.swingui.logical.TVInheritanceRelation" oid="E42F02CE-D8D3-C5F6-4C87-AF53EF0780E6" otype="Hierarchy relation" vid_source="4DB7D0FF-8892-A6CD-11B9-AD37CD023D8B" vid_target="2C365151-AF12-F9E6-4157-DE1BA86AC4B9">
<hideElementsInCurrentOnly>false</hideElementsInCurrentOnly>
<backgroundColor>-65536</backgroundColor>
<lineWidth>1</lineWidth>
</Connector>
</connectors>
</Diagram>